{"target": -3.1329829695401816, "datetime": {"elapsed": 0.0, "datetime": "2021-08-19 10:45:26", "delta": 0.0}, "params": {"eta": 0.055245911436710926, "omega": 11.237517946063782, "lamb": 0.20441606237302828, "phi_d": 1.8383890288065896, "beta_enc": 0.7482920440979423, "c_thresh": 0.02935117816342261, "phi_s": 3.740878001587038, "kappa": 0.1793247562510934, "beta_rec": 0.1001029373356104, "gamma_fc": 0.2676341902399038, "beta_rec_post": 0.6511662863159199, "alpha": 0.7085110023512871}}
